id,first_name,last_name,email,Company,Date of employment
1,Cristine,Pogue,cpogue0@ftc.gov,Katz,2/29/2016
2,Jori,Quirk,jquirk1@symantec.com,Jabberbean,8/24/2017
3,Ardith,Cowell,acowell2@blogtalkradio.com,DabZ,9/6/2017
4,Myriam,Gowler,mgowler3@google.pl,Wordware,10/8/2018
5,Sarita,Middlemass,smiddlemass4@nymag.com,Tanoodle,5/15/2016
6,Julio,Girardengo,jgirardengo5@4shared.com,Blogspan,8/1/2016
7,Beverley,Stailey,bstailey6@prlog.org,Oyoyo,3/28/2018
8,Josie,Deverose,jdeverose7@t.co,Devpoint,11/1/2017
9,Mag,Riggs,mriggs8@usgs.gov,Mudo,1/15/2018
10,Arabel,Marshman,amarshman9@sbwire.com,Blogpad,3/14/2017
11,Gilligan,Swiffan,gswiffana@istockphoto.com,Ozu,6/21/2017
12,Nanete,Perse,nperseb@alexa.com,Photobug,2/6/2017
13,Derk,Eathorne,deathornec@census.gov,Brainlounge,9/14/2017
14,Ronna,Locks,rlocksd@princeton.edu,Meevee,3/7/2016
15,Nicolle,Irvin,nirvine@plala.or.jp,Yabox,5/25/2016
16,Kayley,Safont,ksafontf@bizjournals.com,Eayo,3/15/2017
17,Loren,Edess,ledessg@geocities.jp,Einti,8/20/2017
18,Mitchell,Dachey,mdacheyh@g.co,Zoomzone,1/29/2016
19,Morten,Maxworthy,mmaxworthyi@slate.com,Agimba,1/1/2018
20,Suzanna,Barnham,sbarnhamj@exblog.jp,Meezzy,10/27/2017
21,Ricardo,Catlow,rcatlowk@g.co,Rhyzio,8/21/2018
22,Janie,Nozzolinii,jnozzoliniil@multiply.com,Rhycero,2/8/2018
23,Cozmo,Taffurelli,ctaffurellim@freewebs.com,Lazz,5/28/2017
24,Arliene,Ridpath,aridpathn@yahoo.co.jp,Meezzy,5/14/2018
25,Danya,Appleton,dappletono@cbslocal.com,Blogspan,4/23/2018
26,Eba,Ronchi,eronchip@washingtonpost.com,Rhycero,5/27/2018
27,Franny,Pavolillo,fpavolilloq@diigo.com,Meetz,4/30/2016
28,Bellina,Seint,bseintr@yellowbook.com,Kwideo,8/13/2016
29,Janine,Stampe,jstampes@springer.com,Jaloo,1/13/2018
30,Armin,Faltin,afaltint@biglobe.ne.jp,Trudoo,5/20/2017
31,Jewell,Heaselgrave,jheaselgraveu@skyrock.com,Skynoodle,2/20/2016
32,Meridith,Barr,mbarrv@comsenz.com,Gabtune,7/4/2016
33,Gay,Metheringham,gmetheringhamw@pen.io,Skiba,2/8/2018
34,Clo,Pymm,cpymmx@bloomberg.com,Avamm,8/18/2017
35,Marianna,Nolan,mnolany@mashable.com,Npath,5/16/2018
36,Leda,Legier,llegierz@parallels.com,Aivee,6/3/2018
37,Kenny,Dunbabin,kdunbabin10@acquirethisname.com,Meevee,11/22/2016
38,Broddy,Askem,baskem11@t-online.de,Kwilith,1/5/2018
39,Danella,Steddall,dsteddall12@loc.gov,Jazzy,2/14/2016
40,Tom,Branthwaite,tbranthwaite13@hugedomains.com,Fiveclub,12/14/2017
41,Maurie,Greneham,mgreneham14@yahoo.co.jp,Fivechat,7/29/2016
42,Hillard,Ubanks,hubanks15@instagram.com,Einti,5/19/2018
43,Elladine,Lithcow,elithcow16@netlog.com,Photospace,5/25/2016
44,Evelyn,Koles,ekoles17@jalbum.net,Abata,6/10/2016
45,Filippo,Yukhnini,fyukhnini18@harvard.edu,Bluezoom,2/11/2016
46,Gratiana,Lougheed,glougheed19@livejournal.com,Snaptags,2/25/2018
47,Vivia,Creaser,vcreaser1a@whitehouse.gov,Cogidoo,10/27/2016
48,Danny,Mc Caghan,dmccaghan1b@google.com.au,Gigaclub,8/25/2018
49,Titos,Kemsley,tkemsley1c@cbsnews.com,Demivee,1/7/2016
50,Feodor,Hadye,fhadye1d@domainmarket.com,Miboo,8/8/2018
51,Johnette,Antonoyev,jantonoyev1e@stumbleupon.com,Gigaclub,2/28/2016
52,Jamill,Drejer,jdrejer1f@sciencedirect.com,Twitterwire,7/26/2018
53,Brittni,Berling,bberling1g@dmoz.org,Flipbug,2/9/2016
54,Niall,Gascone,ngascone1h@baidu.com,Edgewire,8/24/2018
55,Cody,Edworthie,cedworthie1i@pen.io,Tagcat,7/31/2018
56,Rosemary,Pedracci,rpedracci1j@aboutads.info,Kanoodle,9/1/2018
57,Ibrahim,Sillars,isillars1k@marketwatch.com,Edgetag,5/11/2017
58,Margarethe,Hardwell,mhardwell1l@cnbc.com,Npath,3/6/2016
59,Giustina,Sager,gsager1m@lulu.com,Jaxnation,7/31/2016
60,Pyotr,Fido,pfido1n@slate.com,Zoombox,6/27/2017
61,Leonore,Stebbins,lstebbins1o@geocities.jp,Skajo,11/18/2015
62,Kerstin,Presdee,kpresdee1p@twitter.com,Quamba,9/29/2016
63,Scottie,Gilfoy,sgilfoy1q@smugmug.com,Aimbo,6/30/2017
64,Lynea,Giraudy,lgiraudy1r@ow.ly,Mycat,12/18/2016
65,Raymund,Roseburgh,rroseburgh1s@imdb.com,Tambee,1/24/2018
66,Crichton,Pfaffel,cpfaffel1t@blogger.com,Yakitri,5/25/2017
67,Shurlocke,Gori,sgori1u@discuz.net,Feedfire,9/18/2017
68,Kyle,Duchasteau,kduchasteau1v@canalblog.com,Feedfish,10/10/2017
69,Reggie,Gerardeaux,rgerardeaux1w@newyorker.com,Meemm,8/1/2017
70,Bank,Golsthorp,bgolsthorp1x@homestead.com,Jaxworks,5/19/2016
71,Cher,McCollum,cmccollum1y@cdc.gov,Leenti,12/7/2017
72,Christine,Marquet,cmarquet1z@netvibes.com,Jaxnation,4/2/2016
73,Barbra,Cosbey,bcosbey20@t.co,Skilith,11/6/2015
74,Ferne,Simonato,fsimonato21@ucsd.edu,Ooba,10/1/2017
75,Lamar,Ruffler,lruffler22@statcounter.com,Flipstorm,8/10/2018
76,Casper,Houseley,chouseley23@alexa.com,Digitube,12/6/2016
77,Sile,Hanlin,shanlin24@soundcloud.com,Tazz,7/23/2017
78,Munmro,Eaken,meaken25@stanford.edu,Skynoodle,2/16/2017
79,Ase,Vanns,avanns26@omniture.com,Jaloo,12/2/2017
80,Renado,Inderwick,rinderwick27@marketwatch.com,Vidoo,5/9/2016
81,Eugene,Faill,efaill28@europa.eu,Yotz,9/2/2018
82,Cristabel,Simeoli,csimeoli29@microsoft.com,Dabfeed,1/11/2016
83,Trudi,Landers,tlanders2a@netlog.com,Wordpedia,10/6/2018
84,Vassily,McTeer,vmcteer2b@dmoz.org,Livepath,10/2/2016
85,Adelice,Evetts,aevetts2c@soup.io,Buzzdog,4/3/2017
86,Mallissa,Heazel,mheazel2d@artisteer.com,Roodel,10/19/2017
87,Grissel,Gaitskell,ggaitskell2e@blogger.com,Realcube,1/27/2017
88,Peirce,Boughey,pboughey2f@google.cn,Realbuzz,2/12/2018
89,Gelya,Antonognoli,gantonognoli2g@shop-pro.jp,Tagchat,3/22/2017
90,Chane,Ansteys,cansteys2h@msn.com,Meevee,5/21/2016
91,Tonya,Eddington,teddington2i@cnn.com,Realfire,3/29/2016
92,Daryn,Trundle,dtrundle2j@nyu.edu,Topicware,3/19/2018
93,Delcine,Spencley,dspencley2k@posterous.com,Dabjam,11/2/2016
94,Gardy,Rolfs,grolfs2l@twitpic.com,Rhynoodle,6/26/2016
95,Hart,Tie,htie2m@sina.com.cn,Skalith,7/2/2018
96,Robbie,Daunay,rdaunay2n@skype.com,Edgetag,11/30/2017
97,Glynda,Hyam,ghyam2o@skyrock.com,Zoomcast,4/23/2018
98,Jennine,Cockman,jcockman2p@columbia.edu,Thoughtstorm,11/13/2017
99,Milli,Stickler,mstickler2q@miitbeian.gov.cn,Voonder,12/23/2015
100,Wileen,Gurner,wgurner2r@disqus.com,Plajo,4/11/2016
101,Kelsey,Creamen,kcreamen2s@disqus.com,Topiczoom,3/27/2017
102,Nerita,Tillerton,ntillerton2t@php.net,Brainlounge,12/25/2017
103,Colas,Hurren,churren2u@networkadvertising.org,Cogibox,8/20/2018
104,Chelsae,Barrack,cbarrack2v@cnn.com,Babbleopia,7/27/2016
105,Bekki,Capin,bcapin2w@163.com,Youbridge,3/29/2017
106,Kennan,Keady,kkeady2x@webs.com,Avavee,4/10/2018
107,Kelley,Turbern,kturbern2y@ebay.co.uk,Yotz,10/14/2017
108,Charlotte,Itzakson,citzakson2z@dagondesign.com,Yotz,10/16/2018
109,Erich,Ruxton,eruxton30@opensource.org,Skaboo,1/31/2016
110,Humfried,Cawson,hcawson31@gov.uk,Kwimbee,7/27/2018
111,Mufinella,Peschke,mpeschke32@canalblog.com,Eidel,5/12/2016
112,Deloris,Giffkins,dgiffkins33@va.gov,Cogidoo,12/8/2015
113,Ann,Richen,arichen34@amazonaws.com,Youtags,7/28/2018
114,Gamaliel,Folomin,gfolomin35@netvibes.com,Lajo,7/6/2018
115,Ashly,Pressdee,apressdee36@privacy.gov.au,Blogtag,5/6/2018
116,Brandy,Custance,bcustance37@theglobeandmail.com,Zoonoodle,10/30/2015
117,Melosa,Whaymand,mwhaymand38@sohu.com,Mydeo,10/19/2016
118,Elfie,Gibard,egibard39@miibeian.gov.cn,Dynava,2/28/2018
119,Hedy,Millin,hmillin3a@boston.com,Shuffledrive,2/15/2018
120,Phillipp,Stockhill,pstockhill3b@irs.gov,Kaymbo,8/13/2017
121,Peyter,Dellenty,pdellenty3c@engadget.com,Tanoodle,1/24/2017
122,Ranice,Judd,rjudd3d@bluehost.com,Aibox,12/3/2015
123,Quill,Tremeer,qtremeer3e@taobao.com,Twitterwire,10/24/2017
124,Ericha,Phelan,ephelan3f@rakuten.co.jp,Skyba,12/17/2015
125,Brock,Tape,btape3g@amazonaws.com,Blogspan,5/24/2018
126,Drusilla,Cramond,dcramond3h@reddit.com,Yozio,4/14/2017
127,Dorine,Banker,dbanker3i@yahoo.com,Meeveo,9/21/2017
128,Susanetta,Duffy,sduffy3j@weather.com,Dabjam,8/17/2017
129,Bat,Wessel,bwessel3k@who.int,Shuffletag,5/27/2018
130,Shepperd,Mumm,smumm3l@issuu.com,Feedfish,3/28/2016
131,Afton,Froud,afroud3m@utexas.edu,Flashspan,2/16/2017
132,Mella,Coniff,mconiff3n@ifeng.com,Voonix,3/30/2016
133,Del,Heersema,dheersema3o@gizmodo.com,Camido,11/2/2017
134,Burch,Vears,bvears3p@virginia.edu,Youspan,5/29/2016
135,Thane,Causby,tcausby3q@wisc.edu,Yambee,8/29/2018
136,Waylon,Aubin,waubin3r@google.com.br,Skinix,5/8/2018
137,Nancey,Tiffney,ntiffney3s@hugedomains.com,Eare,5/28/2018
138,Phyllida,MacVicar,pmacvicar3t@bravesites.com,Brainsphere,6/16/2018
139,Edythe,McCritchie,emccritchie3u@unc.edu,Divape,6/17/2016
140,Ursa,Maddyson,umaddyson3v@homestead.com,Cogidoo,7/12/2017
141,Yuri,Reddecliffe,yreddecliffe3w@oracle.com,Zooveo,10/29/2017
142,Greggory,Bunhill,gbunhill3x@alibaba.com,Teklist,11/3/2017
143,Janot,Leeman,jleeman3y@eventbrite.com,Zoonder,5/25/2016
144,Samaria,Pahler,spahler3z@dagondesign.com,Tavu,1/1/2016
145,Aurore,Olivia,aolivia40@businessinsider.com,Photofeed,6/2/2016
146,Ronny,Crosio,rcrosio41@google.co.jp,Cogidoo,3/29/2016
147,Raddy,Trounce,rtrounce42@amazon.de,Trunyx,2/10/2018
148,Eddie,Eddy,eeddy43@people.com.cn,Mynte,11/3/2015
149,Lisbeth,Gerty,lgerty44@booking.com,Flipbug,8/24/2017
150,Rudolf,De Domenicis,rdedomenicis45@uiuc.edu,Chatterbridge,6/9/2016
151,Tallie,Wickerson,twickerson46@biglobe.ne.jp,Jaxnation,12/2/2015
152,Alikee,Whithorn,awhithorn47@cmu.edu,Eare,10/28/2015
153,Arvin,Adamczewski,aadamczewski48@theglobeandmail.com,Rhyzio,9/6/2016
154,Bart,Cyples,bcyples49@google.fr,Yotz,7/2/2016
155,Lilas,Tompkin,ltompkin4a@illinois.edu,Devpoint,9/26/2018
156,Clementina,Cregeen,ccregeen4b@yelp.com,Mybuzz,2/13/2018
157,Eryn,Micheau,emicheau4c@bluehost.com,Jabbersphere,3/22/2017
158,Douglas,Yarnell,dyarnell4d@fda.gov,Dabjam,6/19/2016
159,Lolita,Pignon,lpignon4e@github.com,Jaxbean,10/17/2018
160,Gretna,Rykert,grykert4f@1und1.de,Divanoodle,11/22/2015
161,Randal,Matz,rmatz4g@moonfruit.com,Skilith,1/27/2017
162,Richmound,Papaminas,rpapaminas4h@acquirethisname.com,Youtags,8/27/2017
163,Fayre,Sigfrid,fsigfrid4i@columbia.edu,Tagtune,6/15/2016
164,Selestina,Pautard,spautard4j@hp.com,Mynte,10/22/2018
165,Meredithe,Treweek,mtreweek4k@altervista.org,Flashpoint,10/8/2016
166,Vyky,Sutherington,vsutherington4l@pcworld.com,Voomm,5/16/2017
167,Mareah,Jowsey,mjowsey4m@amazonaws.com,Eadel,2/10/2017
168,Bern,Lilliman,blilliman4n@europa.eu,Topdrive,11/22/2017
169,Kyle,Eminson,keminson4o@4shared.com,Tanoodle,4/5/2017
170,Alys,Loughlin,aloughlin4p@cyberchimps.com,Jatri,11/26/2016
171,Jeanelle,Macauley,jmacauley4q@yahoo.co.jp,Buzzbean,10/27/2017
172,Beryle,Arnholz,barnholz4r@jimdo.com,Eamia,3/13/2018
173,Cherilyn,Stuffins,cstuffins4s@gmpg.org,Oozz,11/29/2016
174,Chiquia,Necolds,cnecolds4t@i2i.jp,Twitternation,5/26/2016
175,Junette,Warlawe,jwarlawe4u@cnet.com,Trilith,7/3/2016
176,Cathy,Larmor,clarmor4v@themeforest.net,Thoughtbridge,5/18/2017
177,Blane,O'Donnell,bodonnell4w@linkedin.com,Topicshots,6/8/2017
178,Meriel,Bulfoy,mbulfoy4x@gov.uk,Dynava,10/31/2017
179,Fayre,Keele,fkeele4y@home.pl,Skinix,5/16/2016
180,Dmitri,Glendzer,dglendzer4z@goo.gl,Flashspan,5/27/2017
181,Dannie,Gemmill,dgemmill50@yahoo.com,Vidoo,5/13/2016
182,Tillie,Ingerman,tingerman51@dot.gov,Gabcube,4/30/2016
183,Bradly,Tearney,btearney52@icio.us,Zooxo,6/14/2017
184,Gipsy,Garaway,ggaraway53@netlog.com,Riffwire,5/11/2016
185,Wilt,Mullard,wmullard54@merriam-webster.com,Skiptube,6/17/2017
186,Lesley,Panichelli,lpanichelli55@ycombinator.com,Jabbercube,3/15/2017
187,Errick,Thistleton,ethistleton56@marriott.com,Topdrive,2/5/2017
188,Rosalynd,Derington,rderington57@is.gd,Fadeo,6/13/2016
189,Lanna,Rispin,lrispin58@myspace.com,Dabtype,1/3/2016
190,Marven,Jirieck,mjirieck59@t-online.de,Cogilith,5/15/2018
191,Poppy,D'Alwis,pdalwis5a@java.com,Topicshots,8/17/2017
192,Jeannie,Ison,jison5b@cargocollective.com,Eare,5/2/2017
193,Win,Filyushkin,wfilyushkin5c@marketwatch.com,Zooveo,1/6/2017
194,Nichols,Densumbe,ndensumbe5d@parallels.com,Geba,12/17/2015
195,Nicolette,Banthorpe,nbanthorpe5e@huffingtonpost.com,Jaxspan,8/7/2018
196,Felike,Goodhall,fgoodhall5f@bizjournals.com,Aibox,3/15/2018
197,Adara,Broadnicke,abroadnicke5g@tumblr.com,Ozu,5/22/2016
198,Lindsay,Orrett,lorrett5h@bravesites.com,Yacero,5/10/2016
199,Poul,Corpes,pcorpes5i@people.com.cn,Feedfish,8/16/2018
200,Beatrix,Ratnege,bratnege5j@google.nl,Snaptags,7/16/2018
